{
  "Result": "Passed",
  "PassedCount": 63,
  "FailedCount": 0,
  "SkippedCount": 0,
  "NotRunCount": 0,
  "Duration": {
    "Ticks": 829872866,
    "Days": 0,
    "Hours": 0,
    "Milliseconds": 987,
    "Microseconds": 286,
    "Nanoseconds": 600,
    "Minutes": 1,
    "Seconds": 22,
    "TotalDays": 0.0009605010023148148,
    "TotalHours": 0.023052024055555554,
    "TotalMilliseconds": 82987.2866,
    "TotalMicroseconds": 82987286.6,
    "TotalNanoseconds": 82987286600.0,
    "TotalMinutes": 1.3831214433333334,
    "TotalSeconds": 82.9872866
  }
}

