{
  "Result": "Passed",
  "PassedCount": 32,
  "FailedCount": 0,
  "SkippedCount": 0,
  "NotRunCount": 0,
  "Duration": {
    "Ticks": 419580151,
    "Days": 0,
    "Hours": 0,
    "Milliseconds": 958,
    "Microseconds": 15,
    "Nanoseconds": 100,
    "Minutes": 0,
    "Seconds": 41,
    "TotalDays": 0.0004856251747685185,
    "TotalHours": 0.011655004194444445,
    "TotalMilliseconds": 41958.0151,
    "TotalMicroseconds": 41958015.1,
    "TotalNanoseconds": 41958015100.0,
    "TotalMinutes": 0.6993002516666667,
    "TotalSeconds": 41.9580151
  }
}
