{
  "Result": "Passed",
  "PassedCount": 67,
  "FailedCount": 0,
  "SkippedCount": 0,
  "NotRunCount": 0,
  "Duration": {
    "Ticks": 1054514805,
    "Days": 0,
    "Hours": 0,
    "Milliseconds": 451,
    "Microseconds": 480,
    "Nanoseconds": 500,
    "Minutes": 1,
    "Seconds": 45,
    "TotalDays": 0.0012205032465277777,
    "TotalHours": 0.029292077916666666,
    "TotalMilliseconds": 105451.4805,
    "TotalMicroseconds": 105451480.5,
    "TotalNanoseconds": 105451480500.0,
    "TotalMinutes": 1.757524675,
    "TotalSeconds": 105.4514805
  }
}
