{
  "Result": "Passed",
  "PassedCount": 64,
  "FailedCount": 0,
  "SkippedCount": 0,
  "NotRunCount": 0,
  "Duration": {
    "Ticks": 932822024,
    "Days": 0,
    "Hours": 0,
    "Milliseconds": 282,
    "Microseconds": 202,
    "Nanoseconds": 400,
    "Minutes": 1,
    "Seconds": 33,
    "TotalDays": 0.0010796551203703705,
    "TotalHours": 0.025911722888888888,
    "TotalMilliseconds": 93282.2024,
    "TotalMicroseconds": 93282202.4,
    "TotalNanoseconds": 93282202400.0,
    "TotalMinutes": 1.5547033733333333,
    "TotalSeconds": 93.2822024
  }
}

